{"cameraMode":{"drawMode":0,"name":"Shaded","section":"Shading Mode"},"sceneLighting":true,"audioPlay":false,"sceneViewState":{"showFog":true,"showMaterialUpdate":true,"showSkybox":true,"showFlares":true,"showImageEffects":true,"showParticleSystems":true},"in2DMode":false,"pivot":{"x":-0.6326208114624023,"y":0.30347126722335818,"z":6.188662528991699},"rotation":{"x":-0.16354621946811677,"y":-0.32306545972824099,"z":0.05678689107298851,"w":-0.9304105639457703},"size":14.151556968688965,"orthographic":false}