{"cameraMode":{"drawMode":0,"name":"Shaded","section":"Shading Mode"},"sceneLighting":false,"audioPlay":false,"sceneViewState":{"showFog":true,"showMaterialUpdate":true,"showSkybox":true,"showFlares":true,"showImageEffects":true,"showParticleSystems":true},"in2DMode":false,"pivot":{"x":0.0,"y":-0.05991634726524353,"z":8.001171112060547},"rotation":{"x":-0.16354621946811677,"y":-0.32306545972824099,"z":0.05678689107298851,"w":-0.9304105639457703},"size":3.51063871383667,"orthographic":false}