{"cameraMode":{"drawMode":0,"name":"Shaded","section":"Shading Mode"},"sceneLighting":true,"audioPlay":false,"sceneViewState":{"showFog":true,"showMaterialUpdate":true,"showSkybox":true,"showFlares":true,"showImageEffects":true,"showParticleSystems":true},"in2DMode":false,"pivot":{"x":-0.45314061641693118,"y":-0.41949009895324709,"z":8.573793411254883},"rotation":{"x":-0.6897180080413818,"y":0.005804264917969704,"z":-0.005646510981023312,"w":-0.7240776419639587},"size":6.854172229766846,"orthographic":false}